timestamp,close
2026-07-20T04:00:00+00:00,4022.800049
2026-07-20T05:00:00+00:00,4012.300049
2026-07-20T06:00:00+00:00,4008.199951
2026-07-20T07:00:00+00:00,4022.000000
2026-07-20T08:00:00+00:00,4023.300049
2026-07-20T09:00:00+00:00,4025.300049
2026-07-20T10:00:00+00:00,4029.000000
2026-07-20T11:00:00+00:00,4030.500000
2026-07-20T12:00:00+00:00,4012.000000
2026-07-20T13:00:00+00:00,4009.500000
2026-07-20T14:00:00+00:00,4010.500000
2026-07-20T15:00:00+00:00,4016.199951
2026-07-20T16:00:00+00:00,4013.899902
2026-07-20T17:00:00+00:00,4009.199951
2026-07-20T18:00:00+00:00,4012.100098
2026-07-20T19:00:00+00:00,4010.699951
2026-07-20T20:00:00+00:00,4011.800049
2026-07-20T22:00:00+00:00,4004.000000
2026-07-20T23:00:00+00:00,4014.399902
2026-07-21T00:00:00+00:00,4029.600098
2026-07-21T01:00:00+00:00,4027.600098
2026-07-21T02:00:00+00:00,4042.699951
2026-07-21T03:00:00+00:00,4050.899902
2026-07-21T04:00:00+00:00,4054.300049
2026-07-21T05:00:00+00:00,4066.000000
2026-07-21T06:00:00+00:00,4083.000000
2026-07-21T07:00:00+00:00,4075.699951
2026-07-21T08:00:00+00:00,4067.399902
2026-07-21T09:00:00+00:00,4070.199951
2026-07-21T10:00:00+00:00,4067.300049
2026-07-21T11:00:00+00:00,4060.600098
2026-07-21T12:00:00+00:00,4058.000000
2026-07-21T13:00:00+00:00,4057.199951
2026-07-21T14:00:00+00:00,4072.899902
2026-07-21T15:00:00+00:00,4078.600098
2026-07-21T16:00:00+00:00,4075.899902
2026-07-21T17:00:00+00:00,4073.000000
2026-07-21T18:00:00+00:00,4087.000000
2026-07-21T19:00:00+00:00,4088.600098
2026-07-21T20:00:00+00:00,4082.199951
2026-07-21T22:00:00+00:00,4084.600098
2026-07-21T23:00:00+00:00,4085.199951
2026-07-22T00:00:00+00:00,4101.600098
2026-07-22T01:00:00+00:00,4126.000000
2026-07-22T02:00:00+00:00,4134.700195
2026-07-22T03:00:00+00:00,4135.500000
2026-07-22T04:00:00+00:00,4131.799805
2026-07-22T05:00:00+00:00,4135.500000
2026-07-22T06:00:00+00:00,4121.000000
2026-07-22T07:00:00+00:00,4114.600098
2026-07-22T08:00:00+00:00,4122.299805
2026-07-22T09:00:00+00:00,4118.799805
2026-07-22T10:00:00+00:00,4121.200195
2026-07-22T11:00:00+00:00,4127.399902
2026-07-22T12:00:00+00:00,4117.000000
2026-07-22T13:00:00+00:00,4160.000000
2026-07-22T14:00:00+00:00,4153.399902
2026-07-22T15:00:00+00:00,4164.100098
2026-07-22T16:00:00+00:00,4152.799805
2026-07-22T17:00:00+00:00,4148.100098
2026-07-22T18:00:00+00:00,4141.799805
2026-07-22T19:00:00+00:00,4136.399902
2026-07-22T20:00:00+00:00,4135.000000
2026-07-22T22:00:00+00:00,4124.700195
2026-07-22T23:00:00+00:00,4135.799805
2026-07-23T00:00:00+00:00,4135.299805
2026-07-23T01:00:00+00:00,4120.500000
2026-07-23T02:00:00+00:00,4130.799805
2026-07-23T03:00:00+00:00,4127.600098
2026-07-23T04:00:00+00:00,4123.799805
2026-07-23T05:00:00+00:00,4126.899902
2026-07-23T06:00:00+00:00,4121.600098
2026-07-23T07:00:00+00:00,4098.299805
2026-07-23T08:00:00+00:00,4096.000000
2026-07-23T09:00:00+00:00,4093.199951
2026-07-23T10:00:00+00:00,4096.700195
2026-07-23T11:00:00+00:00,4088.899902
2026-07-23T12:00:00+00:00,4064.600098
2026-07-23T13:00:00+00:00,4045.800049
2026-07-23T14:00:00+00:00,4061.100098
2026-07-23T15:00:00+00:00,4051.199951
2026-07-23T16:00:00+00:00,4054.300049
2026-07-23T17:00:00+00:00,4043.899902
2026-07-23T18:00:00+00:00,4048.800049
2026-07-23T19:00:00+00:00,4052.100098
2026-07-23T20:00:00+00:00,4052.300049
2026-07-23T22:00:00+00:00,4052.000000
2026-07-23T23:00:00+00:00,4049.399902
2026-07-24T00:00:00+00:00,4052.399902
2026-07-24T01:00:00+00:00,4046.000000
2026-07-24T02:00:00+00:00,4026.699951
2026-07-24T03:00:00+00:00,4031.100098
2026-07-24T04:00:00+00:00,4029.800049
2026-07-24T05:00:00+00:00,4025.000000
2026-07-24T06:00:00+00:00,4038.399902
2026-07-24T07:00:00+00:00,4051.100098
2026-07-24T08:00:00+00:00,4060.000000
2026-07-24T09:00:00+00:00,4062.600098
2026-07-24T10:00:00+00:00,4062.199951
2026-07-24T11:00:00+00:00,4060.199951
2026-07-24T12:00:00+00:00,4058.500000
2026-07-24T13:00:00+00:00,4070.000000
2026-07-24T14:00:00+00:00,4066.199951
2026-07-24T15:00:00+00:00,4079.899902
2026-07-24T16:00:00+00:00,4069.500000
2026-07-24T17:00:00+00:00,4065.800049
2026-07-24T18:00:00+00:00,4056.699951
2026-07-24T19:00:00+00:00,4056.100098
2026-07-24T20:00:00+00:00,4070.800049
2026-07-26T22:00:00+00:00,4092.199951
2026-07-26T23:00:00+00:00,4096.899902
2026-07-27T00:00:00+00:00,4102.600098
2026-07-27T01:00:00+00:00,4112.000000
2026-07-27T02:00:00+00:00,4095.699951
2026-07-27T03:00:00+00:00,4092.500000
2026-07-27T04:00:00+00:00,4091.699951
2026-07-27T05:00:00+00:00,4095.300049
2026-07-27T06:00:00+00:00,4098.399902
2026-07-27T07:00:00+00:00,4090.699951
2026-07-27T08:00:00+00:00,4097.700195
2026-07-27T09:00:00+00:00,4098.899902
2026-07-27T10:00:00+00:00,4102.100098
2026-07-27T11:00:00+00:00,4095.899902
2026-07-27T12:00:00+00:00,4085.199951
2026-07-27T13:00:00+00:00,4075.800049
2026-07-27T14:00:00+00:00,4078.399902
2026-07-27T15:00:00+00:00,4080.600098
2026-07-27T16:00:00+00:00,4084.100098
2026-07-27T17:00:00+00:00,4078.199951
2026-07-27T18:00:00+00:00,4079.800049
2026-07-27T19:00:00+00:00,4085.500000
2026-07-27T20:00:00+00:00,4078.600098
2026-07-27T22:00:00+00:00,4075.100098
2026-07-27T23:00:00+00:00,4074.399902
2026-07-28T00:00:00+00:00,4058.500000
2026-07-28T01:00:00+00:00,4045.699951
2026-07-28T02:00:00+00:00,4042.300049
2026-07-28T03:00:00+00:00,4049.600098
2026-07-28T04:00:00+00:00,4042.100098
2026-07-28T05:00:00+00:00,4045.199951
2026-07-28T06:00:00+00:00,4048.699951
2026-07-28T07:00:00+00:00,4047.300049
2026-07-28T08:00:00+00:00,4045.699951
2026-07-28T09:00:00+00:00,4023.300049
2026-07-28T10:00:00+00:00,4025.600098
2026-07-28T11:00:00+00:00,4027.800049
2026-07-28T12:00:00+00:00,4029.399902
2026-07-28T13:00:00+00:00,4021.399902
2026-07-28T14:00:00+00:00,4023.800049
2026-07-28T15:00:00+00:00,4046.500000
2026-07-28T16:00:00+00:00,4037.600098
2026-07-28T17:00:00+00:00,4028.000000
2026-07-28T18:00:00+00:00,4023.100098
2026-07-28T19:00:00+00:00,4025.899902
2026-07-28T20:00:00+00:00,4028.800049
2026-07-28T22:00:00+00:00,4017.899902
2026-07-28T23:00:00+00:00,4024.300049
2026-07-29T00:00:00+00:00,4021.300049
2026-07-29T01:00:00+00:00,4025.000000
2026-07-29T02:00:00+00:00,4028.300049
2026-07-29T03:00:00+00:00,4021.500000
2026-07-29T04:00:00+00:00,4025.399902
2026-07-29T05:00:00+00:00,4031.300049
2026-07-29T06:00:00+00:00,4039.800049
2026-07-29T07:00:00+00:00,4102.600098
2026-07-29T08:00:00+00:00,4096.500000
2026-07-29T09:00:00+00:00,4091.899902
2026-07-29T10:00:00+00:00,4086.100098
2026-07-29T11:00:00+00:00,4091.500000
2026-07-29T12:00:00+00:00,4080.899902
2026-07-29T13:00:00+00:00,4064.800049
2026-07-29T14:00:00+00:00,4063.199951
2026-07-29T15:00:00+00:00,4068.500000
2026-07-29T16:00:00+00:00,4086.100098
2026-07-29T17:00:00+00:00,4102.899902
2026-07-29T18:00:00+00:00,4166.799805
2026-07-29T19:00:00+00:00,4104.700195
2026-07-29T20:00:00+00:00,4126.000000
2026-07-29T22:00:00+00:00,4146.299805
2026-07-29T23:00:00+00:00,4142.000000
2026-07-30T00:00:00+00:00,4129.700195
2026-07-30T01:00:00+00:00,4142.399902
2026-07-30T02:00:00+00:00,4121.399902
2026-07-30T03:00:00+00:00,4114.100098
2026-07-30T04:00:00+00:00,4102.500000
2026-07-30T05:00:00+00:00,4090.399902
2026-07-30T06:00:00+00:00,4093.800049
2026-07-30T07:00:00+00:00,4096.100098
2026-07-30T08:00:00+00:00,4119.200195
2026-07-30T09:00:00+00:00,4121.500000
2026-07-30T10:00:00+00:00,4136.399902
2026-07-30T11:00:00+00:00,4136.000000
2026-07-30T12:00:00+00:00,4127.399902
2026-07-30T13:00:00+00:00,4172.000000
2026-07-30T14:00:00+00:00,4159.100098
2026-07-30T15:00:00+00:00,4167.000000
2026-07-30T16:00:00+00:00,4169.799805
2026-07-30T17:00:00+00:00,4161.500000
2026-07-30T18:00:00+00:00,4158.799805
2026-07-30T19:00:00+00:00,4171.200195
2026-07-30T20:00:00+00:00,4162.799805
2026-07-30T22:00:00+00:00,4167.399902
2026-07-30T23:00:00+00:00,4164.399902
2026-07-31T00:00:00+00:00,4153.500000
2026-07-31T01:00:00+00:00,4142.500000
2026-07-31T02:00:00+00:00,4134.100098
2026-07-31T03:00:00+00:00,4133.100098
2026-07-31T04:00:00+00:00,4137.600098
2026-07-31T05:00:00+00:00,4132.100098
2026-07-31T06:00:00+00:00,4135.399902
2026-07-31T07:00:00+00:00,4125.100098
2026-07-31T08:00:00+00:00,4117.600098
2026-07-31T09:00:00+00:00,4111.299805
2026-07-31T10:00:00+00:00,4110.799805
2026-07-31T11:00:00+00:00,4110.000000
2026-07-31T12:00:00+00:00,4096.799805
2026-07-31T13:00:00+00:00,4081.500000
2026-07-31T14:00:00+00:00,4105.600098
2026-07-31T15:00:00+00:00,4101.799805
2026-07-31T16:00:00+00:00,4099.299805
2026-07-31T17:00:00+00:00,4109.799805
2026-07-31T18:00:00+00:00,4106.600098
2026-07-31T19:00:00+00:00,4107.700195
2026-07-31T20:00:00+00:00,4107.000000
2026-08-02T22:00:00+00:00,4119.899902
2026-08-02T23:00:00+00:00,4130.399902
2026-08-03T00:00:00+00:00,4112.799805
2026-08-03T01:00:00+00:00,4112.700195
2026-08-03T02:00:00+00:00,4117.799805
2026-08-03T03:00:00+00:00,4120.000000
2026-08-03T04:00:00+00:00,4119.200195
2026-08-03T05:00:00+00:00,4124.200195
2026-08-03T06:00:00+00:00,4118.899902
2026-08-03T07:00:00+00:00,4117.100098
2026-08-03T08:00:00+00:00,4115.000000
2026-08-03T09:00:00+00:00,4111.600098
2026-08-03T10:00:00+00:00,4105.399902
2026-08-03T11:00:00+00:00,4118.899902
2026-08-03T12:00:00+00:00,4103.399902
2026-08-03T13:00:00+00:00,4087.199951
2026-08-03T14:00:00+00:00,4091.600098
2026-08-03T15:00:00+00:00,4091.600098
2026-08-03T16:00:00+00:00,4092.399902
2026-08-03T17:00:00+00:00,4086.399902
2026-08-03T18:00:00+00:00,4099.600098
2026-08-03T19:00:00+00:00,4108.200195
2026-08-03T20:00:00+00:00,4110.899902
2026-08-03T22:00:00+00:00,4108.600098
2026-08-03T23:00:00+00:00,4109.299805
2026-08-04T00:00:00+00:00,4104.899902
2026-08-04T01:00:00+00:00,4114.799805
2026-08-04T02:00:00+00:00,4114.600098
2026-08-04T03:00:00+00:00,4108.200195
2026-08-04T04:00:00+00:00,4119.299805
2026-08-04T05:00:00+00:00,4117.299805
2026-08-04T06:00:00+00:00,4119.299805
2026-08-04T07:00:00+00:00,4121.799805
2026-08-04T08:00:00+00:00,4110.799805
2026-08-04T09:00:00+00:00,4105.100098
2026-08-04T10:00:00+00:00,4109.799805
2026-08-04T11:00:00+00:00,4132.100098
2026-08-04T12:00:00+00:00,4127.799805
2026-08-04T13:00:00+00:00,4140.700195
2026-08-04T14:00:00+00:00,4140.399902
2026-08-04T15:00:00+00:00,4144.200195
2026-08-04T16:00:00+00:00,4150.399902
2026-08-04T17:00:00+00:00,4143.100098
2026-08-04T18:00:00+00:00,4136.799805
2026-08-04T19:00:00+00:00,4135.299805
2026-08-04T20:00:00+00:00,4134.200195
2026-08-04T22:00:00+00:00,4132.500000
2026-08-04T23:00:00+00:00,4128.700195
2026-08-05T00:00:00+00:00,4138.200195
2026-08-05T01:00:00+00:00,4157.200195
2026-08-05T02:00:00+00:00,4186.200195
2026-08-05T03:00:00+00:00,4186.600098
2026-08-05T04:00:00+00:00,4193.399902
2026-08-05T05:00:00+00:00,4222.200195
2026-08-05T06:00:00+00:00,4237.100098
2026-08-05T07:00:00+00:00,4229.899902
2026-08-05T08:00:00+00:00,4219.700195
2026-08-05T09:00:00+00:00,4216.899902
2026-08-05T10:00:00+00:00,4220.399902
2026-08-05T11:00:00+00:00,4248.500000
2026-08-05T12:00:00+00:00,4244.100098
2026-08-05T13:00:00+00:00,4265.799805
2026-08-05T14:00:00+00:00,4304.299805
2026-08-05T15:00:00+00:00,4293.000000
2026-08-05T16:00:00+00:00,4302.799805
2026-08-05T17:00:00+00:00,4311.000000
2026-08-05T18:00:00+00:00,4321.200195
2026-08-05T19:00:00+00:00,4307.600098
2026-08-05T20:00:00+00:00,4308.000000
2026-08-05T22:00:00+00:00,4309.500000
2026-08-05T23:00:00+00:00,4337.299805
2026-08-06T00:00:00+00:00,4354.700195
2026-08-06T01:00:00+00:00,4346.899902
2026-08-06T02:00:00+00:00,4337.799805
2026-08-06T03:00:00+00:00,4324.899902
2026-08-06T04:00:00+00:00,4321.399902
2026-08-06T05:00:00+00:00,4326.000000
2026-08-06T06:00:00+00:00,4314.700195
2026-08-06T07:00:00+00:00,4321.700195
2026-08-06T08:00:00+00:00,4337.100098
2026-08-06T09:00:00+00:00,4332.600098
2026-08-06T10:00:00+00:00,4330.000000
2026-08-06T11:00:00+00:00,4322.600098
2026-08-06T12:00:00+00:00,4308.600098
2026-08-06T13:00:00+00:00,4325.899902
2026-08-06T14:00:00+00:00,4332.200195
2026-08-06T15:00:00+00:00,4291.500000
2026-08-06T16:00:00+00:00,4299.399902
2026-08-06T17:00:00+00:00,4305.799805
2026-08-06T18:00:00+00:00,4302.200195
2026-08-06T19:00:00+00:00,4307.799805
2026-08-06T20:00:00+00:00,4298.700195
2026-08-06T22:00:00+00:00,4298.299805
2026-08-06T23:00:00+00:00,4311.000000
2026-08-07T00:00:00+00:00,4291.200195
2026-08-07T01:00:00+00:00,4314.700195
2026-08-07T02:00:00+00:00,4309.100098
2026-08-07T03:00:00+00:00,4322.799805
2026-08-07T04:00:00+00:00,4324.100098
2026-08-07T05:00:00+00:00,4337.700195
2026-08-07T06:00:00+00:00,4356.299805
2026-08-07T07:00:00+00:00,4348.899902
2026-08-07T08:00:00+00:00,4365.399902
2026-08-07T09:00:00+00:00,4375.600098
2026-08-07T10:00:00+00:00,4376.399902
2026-08-07T11:00:00+00:00,4380.799805
2026-08-07T12:00:00+00:00,4421.899902
2026-08-07T13:00:00+00:00,4408.299805
2026-08-07T14:00:00+00:00,4401.299805
2026-08-07T15:00:00+00:00,4400.399902
2026-08-07T16:00:00+00:00,4389.500000
2026-08-07T17:00:00+00:00,4400.000000
2026-08-07T18:00:00+00:00,4395.600098
2026-08-07T19:00:00+00:00,4403.100098
2026-08-07T20:00:00+00:00,4399.700195
2026-08-09T22:00:00+00:00,4400.200195
2026-08-09T23:00:00+00:00,4392.000000
2026-08-10T00:00:00+00:00,4391.299805
2026-08-10T01:00:00+00:00,4383.000000
2026-08-10T02:00:00+00:00,4380.000000
2026-08-10T03:00:00+00:00,4387.799805
2026-08-10T04:00:00+00:00,4399.500000
2026-08-10T05:00:00+00:00,4407.000000
2026-08-10T06:00:00+00:00,4417.799805
2026-08-10T07:00:00+00:00,4414.700195
2026-08-10T08:00:00+00:00,4405.600098
2026-08-10T09:00:00+00:00,4400.100098
2026-08-10T10:00:00+00:00,4395.200195
2026-08-10T11:00:00+00:00,4393.899902
2026-08-10T12:00:00+00:00,4391.600098
2026-08-10T13:00:00+00:00,4376.299805
2026-08-10T14:00:00+00:00,4405.200195
2026-08-10T15:00:00+00:00,4417.899902
2026-08-10T16:00:00+00:00,4416.299805
2026-08-10T17:00:00+00:00,4419.200195
2026-08-10T18:00:00+00:00,4437.700195
2026-08-10T19:00:00+00:00,4446.799805
2026-08-10T20:00:00+00:00,4448.600098
2026-08-10T22:00:00+00:00,4459.000000
2026-08-10T23:00:00+00:00,4462.100098
2026-08-11T00:00:00+00:00,4468.500000
2026-08-11T01:00:00+00:00,4489.200195
2026-08-11T02:00:00+00:00,4470.799805
2026-08-11T03:00:00+00:00,4477.000000
2026-08-11T04:00:00+00:00,4468.700195
2026-08-11T05:00:00+00:00,4435.200195
2026-08-11T06:00:00+00:00,4425.299805
2026-08-11T07:00:00+00:00,4416.600098
2026-08-11T08:00:00+00:00,4428.100098
2026-08-11T09:00:00+00:00,4431.399902
2026-08-11T10:00:00+00:00,4441.200195
2026-08-11T11:00:00+00:00,4446.100098
2026-08-11T12:00:00+00:00,4450.600098
2026-08-11T13:00:00+00:00,4448.200195
2026-08-11T14:00:00+00:00,4453.600098
2026-08-11T15:00:00+00:00,4443.200195
2026-08-11T16:00:00+00:00,4443.100098
2026-08-11T17:00:00+00:00,4428.299805
2026-08-11T18:00:00+00:00,4430.399902
2026-08-11T19:00:00+00:00,4429.700195
2026-08-11T20:00:00+00:00,4427.799805
2026-08-11T22:00:00+00:00,4427.899902
2026-08-11T23:00:00+00:00,4430.399902
2026-08-12T00:00:00+00:00,4440.200195
2026-08-12T01:00:00+00:00,4456.200195
2026-08-12T02:00:00+00:00,4470.799805
2026-08-12T03:00:00+00:00,4461.799805
2026-08-12T04:00:00+00:00,4461.000000
2026-08-12T05:00:00+00:00,4451.000000
2026-08-12T06:00:00+00:00,4463.200195
2026-08-12T07:00:00+00:00,4465.899902
2026-08-12T08:00:00+00:00,4460.600098
2026-08-12T09:00:00+00:00,4475.399902
2026-08-12T10:00:00+00:00,4472.000000
2026-08-12T11:00:00+00:00,4472.399902
2026-08-12T12:00:00+00:00,4498.200195
2026-08-12T13:00:00+00:00,4487.399902
2026-08-12T14:00:00+00:00,4481.399902
2026-08-12T15:00:00+00:00,4480.399902
2026-08-12T16:00:00+00:00,4461.700195
2026-08-12T17:00:00+00:00,4459.600098
2026-08-12T18:00:00+00:00,4473.200195
2026-08-12T19:00:00+00:00,4473.899902
2026-08-12T20:00:00+00:00,4469.000000
2026-08-12T22:00:00+00:00,4459.899902
2026-08-12T23:00:00+00:00,4473.100098
2026-08-13T00:00:00+00:00,4486.899902
2026-08-13T01:00:00+00:00,4467.000000
2026-08-13T02:00:00+00:00,4465.700195
2026-08-13T03:00:00+00:00,4458.299805
2026-08-13T04:00:00+00:00,4455.500000
2026-08-13T05:00:00+00:00,4440.399902
2026-08-13T06:00:00+00:00,4437.700195
2026-08-13T07:00:00+00:00,4426.399902
2026-08-13T08:00:00+00:00,4432.399902
2026-08-13T09:00:00+00:00,4441.799805
2026-08-13T10:00:00+00:00,4449.899902
2026-08-13T11:00:00+00:00,4444.399902
2026-08-13T12:00:00+00:00,4458.899902
2026-08-13T13:00:00+00:00,4429.100098
2026-08-13T14:00:00+00:00,4440.899902
2026-08-13T15:00:00+00:00,4422.399902
2026-08-13T16:00:00+00:00,4424.200195
2026-08-13T17:00:00+00:00,4412.399902
2026-08-13T18:00:00+00:00,4413.600098
2026-08-13T19:00:00+00:00,4406.200195
2026-08-13T20:00:00+00:00,4407.100098
2026-08-13T22:00:00+00:00,4410.299805
2026-08-13T23:00:00+00:00,4411.799805
2026-08-14T00:00:00+00:00,4396.399902
2026-08-14T01:00:00+00:00,4373.700195
2026-08-14T02:00:00+00:00,4370.700195
2026-08-14T03:00:00+00:00,4379.600098
2026-08-14T04:00:00+00:00,4382.000000
2026-08-14T05:00:00+00:00,4389.500000
2026-08-14T06:00:00+00:00,4391.600098
2026-08-14T07:00:00+00:00,4399.799805
2026-08-14T08:00:00+00:00,4404.700195
2026-08-14T09:00:00+00:00,4413.600098
2026-08-14T10:00:00+00:00,4405.500000
2026-08-14T11:00:00+00:00,4425.799805
2026-08-14T12:00:00+00:00,4430.899902
2026-08-14T13:00:00+00:00,4442.000000
2026-08-14T14:00:00+00:00,4438.600098
2026-08-14T15:00:00+00:00,4449.000000
2026-08-14T16:00:00+00:00,4442.700195
2026-08-14T17:00:00+00:00,4435.500000
2026-08-14T18:00:00+00:00,4430.299805
2026-08-14T19:00:00+00:00,4431.500000
2026-08-14T20:00:00+00:00,4432.100098
2026-08-14T21:00:00+00:00,4437.299805
2026-08-16T22:00:00+00:00,4441.600098
2026-08-16T23:00:00+00:00,4425.500000
2026-08-17T00:00:00+00:00,4457.299805
2026-08-17T01:00:00+00:00,4452.000000
2026-08-17T02:00:00+00:00,4449.799805
2026-08-17T03:00:00+00:00,4453.700195
2026-08-17T04:00:00+00:00,4447.100098
2026-08-17T05:00:00+00:00,4451.299805
2026-08-17T06:00:00+00:00,4459.299805
2026-08-17T07:00:00+00:00,4461.500000
2026-08-17T08:00:00+00:00,4451.100098
2026-08-17T09:00:00+00:00,4452.399902
2026-08-17T10:00:00+00:00,4455.799805
2026-08-17T11:00:00+00:00,4453.399902
2026-08-17T12:00:00+00:00,4441.399902
2026-08-17T13:00:00+00:00,4465.299805
2026-08-17T14:00:00+00:00,4474.500000
2026-08-17T15:00:00+00:00,4484.799805
2026-08-17T16:00:00+00:00,4481.500000
2026-08-17T17:00:00+00:00,4471.000000
2026-08-17T18:00:00+00:00,4463.100098
2026-08-17T19:00:00+00:00,4475.700195
2026-08-17T20:00:00+00:00,4473.100098
2026-08-17T22:00:00+00:00,4467.899902
2026-08-17T23:00:00+00:00,4482.000000
2026-08-18T00:00:00+00:00,4491.200195
2026-08-18T01:00:00+00:00,4464.600098
2026-08-18T02:00:00+00:00,4456.100098
2026-08-18T03:00:00+00:00,4448.100098
2026-08-18T04:00:00+00:00,4448.899902
2026-08-18T05:00:00+00:00,4450.200195
2026-08-18T06:00:00+00:00,4454.100098
2026-08-18T07:00:00+00:00,4451.200195
2026-08-18T08:00:00+00:00,4448.899902
2026-08-18T09:00:00+00:00,4449.700195
2026-08-18T10:00:00+00:00,4454.399902
2026-08-18T11:00:00+00:00,4452.299805
2026-08-18T12:00:00+00:00,4450.700195
2026-08-18T13:00:00+00:00,4451.000000
2026-08-18T14:00:00+00:00,4422.299805
2026-08-18T15:00:00+00:00,4420.200195
2026-08-18T16:00:00+00:00,4419.000000
2026-08-18T17:00:00+00:00,4413.200195
2026-08-18T18:00:00+00:00,4409.399902
2026-08-18T19:00:00+00:00,4400.000000
2026-08-18T20:00:00+00:00,4389.500000
2026-08-18T22:00:00+00:00,4386.799805
2026-08-18T23:00:00+00:00,4386.000000
2026-08-19T00:00:00+00:00,4391.799805
2026-08-19T01:00:00+00:00,4410.200195
2026-08-19T02:00:00+00:00,4408.500000
2026-08-19T03:00:00+00:00,4409.000000
2026-08-19T04:00:00+00:00,4401.799805
2026-08-19T05:00:00+00:00,4389.000000
2026-08-19T06:00:00+00:00,4402.799805
2026-08-19T07:00:00+00:00,4408.299805
2026-08-19T08:00:00+00:00,4409.700195
2026-08-19T09:00:00+00:00,4416.399902
2026-08-19T10:00:00+00:00,4422.200195
2026-08-19T11:00:00+00:00,4419.100098
2026-08-19T12:00:00+00:00,4496.299805
2026-08-19T13:00:00+00:00,4517.799805
2026-08-19T14:00:00+00:00,4546.799805
2026-08-19T15:00:00+00:00,4552.200195
2026-08-19T16:00:00+00:00,4551.000000
2026-08-19T17:00:00+00:00,4545.000000
2026-08-19T18:00:00+00:00,4553.299805
2026-08-19T19:00:00+00:00,4568.000000
2026-08-19T20:00:00+00:00,4580.700195
2026-08-19T22:00:00+00:00,4575.899902
2026-08-19T23:00:00+00:00,4569.200195
2026-08-20T00:00:00+00:00,4562.000000
2026-08-20T01:00:00+00:00,4547.399902
2026-08-20T02:00:00+00:00,4548.100098
2026-08-20T03:00:00+00:00,4555.700195
2026-08-20T04:00:00+00:00,4546.100098
2026-08-20T05:00:00+00:00,4538.500000
2026-08-20T06:00:00+00:00,4550.799805
2026-08-20T07:00:00+00:00,4547.600098
2026-08-20T08:00:00+00:00,4546.100098
2026-08-20T09:00:00+00:00,4538.899902
2026-08-20T10:00:00+00:00,4546.399902
2026-08-20T11:00:00+00:00,4523.100098
2026-08-20T12:00:00+00:00,4529.700195
2026-08-20T13:00:00+00:00,4537.000000
2026-08-20T14:00:00+00:00,4571.700195
2026-08-20T15:00:00+00:00,4577.299805
2026-08-20T16:00:00+00:00,4566.700195
2026-08-20T17:00:00+00:00,4576.000000
2026-08-20T18:00:00+00:00,4578.500000
2026-08-20T19:00:00+00:00,4584.899902
2026-08-20T20:00:00+00:00,4575.100098
2026-08-20T22:00:00+00:00,4580.200195
2026-08-20T23:00:00+00:00,4582.200195
2026-08-21T00:00:00+00:00,4567.200195
2026-08-21T01:00:00+00:00,4587.000000
2026-08-21T02:00:00+00:00,4590.000000
2026-08-21T03:00:00+00:00,4590.899902
2026-08-21T04:00:00+00:00,4596.799805
2026-08-21T05:00:00+00:00,4610.100098
2026-08-21T06:00:00+00:00,4617.899902
2026-08-21T07:00:00+00:00,4621.000000
2026-08-21T08:00:00+00:00,4641.000000
2026-08-21T09:00:00+00:00,4639.700195
2026-08-21T10:00:00+00:00,4645.799805
2026-08-21T11:00:00+00:00,4654.399902
2026-08-21T12:00:00+00:00,4634.700195
2026-08-21T13:00:00+00:00,4638.299805
2026-08-21T14:00:00+00:00,4648.100098
2026-08-21T15:00:00+00:00,4672.000000
2026-08-21T16:00:00+00:00,4686.600098
2026-08-21T17:00:00+00:00,4678.700195
2026-08-21T18:00:00+00:00,4681.799805
2026-08-21T19:00:00+00:00,4674.700195
2026-08-21T20:00:00+00:00,4680.600098
2026-08-23T22:00:00+00:00,4663.100098
2026-08-23T23:00:00+00:00,4681.600098
2026-08-24T00:00:00+00:00,4678.799805
2026-08-24T01:00:00+00:00,4688.600098
2026-08-24T02:00:00+00:00,4700.399902
2026-08-24T03:00:00+00:00,4698.200195
2026-08-24T04:00:00+00:00,4695.200195
2026-08-24T05:00:00+00:00,4697.299805
2026-08-24T06:00:00+00:00,4706.700195
2026-08-24T07:00:00+00:00,4697.399902
2026-08-24T08:00:00+00:00,4693.500000
2026-08-24T09:00:00+00:00,4702.399902
2026-08-24T10:00:00+00:00,4700.299805
2026-08-24T11:00:00+00:00,4715.000000
2026-08-24T12:00:00+00:00,4720.700195
2026-08-24T13:00:00+00:00,4721.799805
2026-08-24T14:00:00+00:00,4727.600098
2026-08-24T15:00:00+00:00,4706.000000
2026-08-24T16:00:00+00:00,4701.899902
2026-08-24T17:00:00+00:00,4693.299805
2026-08-24T18:00:00+00:00,4693.000000
2026-08-24T19:00:00+00:00,4707.500000
2026-08-24T20:00:00+00:00,4710.000000
2026-08-24T22:00:00+00:00,4724.500000
2026-08-24T23:00:00+00:00,4737.200195
2026-08-25T00:00:00+00:00,4741.000000
2026-08-25T01:00:00+00:00,4714.700195
2026-08-25T02:00:00+00:00,4685.500000
2026-08-25T03:00:00+00:00,4688.299805
2026-08-25T04:00:00+00:00,4681.100098
2026-08-25T05:00:00+00:00,4698.500000
2026-08-25T06:00:00+00:00,4694.600098
2026-08-25T07:00:00+00:00,4686.100098
2026-08-25T08:00:00+00:00,4685.700195
2026-08-25T09:00:00+00:00,4691.700195
2026-08-25T10:00:00+00:00,4695.000000
2026-08-25T11:00:00+00:00,4698.399902
2026-08-25T12:00:00+00:00,4695.700195
2026-08-25T13:00:00+00:00,4671.399902
2026-08-25T14:00:00+00:00,4691.600098
2026-08-25T15:00:00+00:00,4709.500000
2026-08-25T16:00:00+00:00,4700.799805
2026-08-25T17:00:00+00:00,4705.799805
2026-08-25T18:00:00+00:00,4711.399902
2026-08-25T19:00:00+00:00,4723.399902
2026-08-25T20:00:00+00:00,4715.899902
2026-08-25T22:00:00+00:00,4729.700195
2026-08-25T23:00:00+00:00,4712.100098
2026-08-26T00:00:00+00:00,4694.200195
2026-08-26T01:00:00+00:00,4713.799805
2026-08-26T02:00:00+00:00,4715.200195
2026-08-26T03:00:00+00:00,4701.100098
2026-08-26T04:00:00+00:00,4697.600098
2026-08-26T05:00:00+00:00,4696.299805
2026-08-26T06:00:00+00:00,4690.600098
2026-08-26T07:00:00+00:00,4685.100098
2026-08-26T08:00:00+00:00,4683.700195
2026-08-26T09:00:00+00:00,4679.500000
2026-08-26T10:00:00+00:00,4675.899902
2026-08-26T11:00:00+00:00,4680.299805
2026-08-26T12:00:00+00:00,4669.500000
2026-08-26T13:00:00+00:00,4686.600098
2026-08-26T14:00:00+00:00,4658.200195
2026-08-26T15:00:00+00:00,4651.399902
2026-08-26T16:00:00+00:00,4647.100098
2026-08-26T17:00:00+00:00,4653.200195
2026-08-26T18:00:00+00:00,4648.500000
2026-08-26T19:00:00+00:00,4648.899902
2026-08-26T20:00:00+00:00,4647.799805
2026-08-26T22:00:00+00:00,4663.299805
2026-08-26T23:00:00+00:00,4677.500000
2026-08-27T00:00:00+00:00,4659.200195
2026-08-27T01:00:00+00:00,4694.600098
2026-08-27T02:00:00+00:00,4683.700195
2026-08-27T03:00:00+00:00,4679.000000
2026-08-27T04:00:00+00:00,4673.000000
2026-08-27T05:00:00+00:00,4661.200195
2026-08-27T06:00:00+00:00,4654.299805
2026-08-27T07:00:00+00:00,4653.399902
2026-08-27T08:00:00+00:00,4652.299805
2026-08-27T09:00:00+00:00,4633.200195
2026-08-27T10:00:00+00:00,4643.000000
2026-08-27T11:00:00+00:00,4652.299805
2026-08-27T12:00:00+00:00,4639.299805
2026-08-27T13:00:00+00:00,4625.899902
2026-08-27T14:00:00+00:00,4645.100098
2026-08-27T15:00:00+00:00,4664.500000
2026-08-27T16:00:00+00:00,4669.299805
2026-08-27T17:00:00+00:00,4660.399902
2026-08-27T18:00:00+00:00,4664.299805
2026-08-27T19:00:00+00:00,4662.700195
2026-08-27T20:00:00+00:00,4654.799805
2026-08-27T22:00:00+00:00,4664.100098
2026-08-27T23:00:00+00:00,4647.600098
2026-08-28T00:00:00+00:00,4641.200195
2026-08-28T01:00:00+00:00,4628.899902
2026-08-28T02:00:00+00:00,4638.899902
2026-08-28T03:00:00+00:00,4631.399902
2026-08-28T04:00:00+00:00,4636.399902
2026-08-28T05:00:00+00:00,4625.500000
2026-08-28T06:00:00+00:00,4665.500000
2026-08-28T07:00:00+00:00,4665.000000
2026-08-28T08:00:00+00:00,4656.299805
2026-08-28T09:00:00+00:00,4658.700195
2026-08-28T10:00:00+00:00,4653.100098
2026-08-28T11:00:00+00:00,4645.600098
2026-08-28T12:00:00+00:00,4654.100098
2026-08-28T13:00:00+00:00,4657.500000
2026-08-28T14:00:00+00:00,4629.000000
2026-08-28T15:00:00+00:00,4575.700195
2026-08-28T16:00:00+00:00,4529.899902
2026-08-28T17:00:00+00:00,4519.700195
2026-08-28T18:00:00+00:00,4506.500000
2026-08-28T19:00:00+00:00,4507.899902
2026-08-28T20:00:00+00:00,4529.899902
2026-08-30T22:00:00+00:00,4510.899902
2026-08-30T23:00:00+00:00,4507.799805
2026-08-31T00:00:00+00:00,4505.700195
2026-08-31T01:00:00+00:00,4489.600098
2026-08-31T02:00:00+00:00,4472.299805
2026-08-31T03:00:00+00:00,4472.000000
2026-08-31T04:00:00+00:00,4474.600098
2026-08-31T05:00:00+00:00,4492.700195
2026-08-31T06:00:00+00:00,4489.399902
2026-08-31T07:00:00+00:00,4493.299805
2026-08-31T08:00:00+00:00,4485.600098
2026-08-31T09:00:00+00:00,4496.000000
2026-08-31T10:00:00+00:00,4504.500000
2026-08-31T11:00:00+00:00,4506.200195
2026-08-31T12:00:00+00:00,4486.899902
2026-08-31T13:00:00+00:00,4469.100098
2026-08-31T14:00:00+00:00,4481.700195
2026-08-31T15:00:00+00:00,4475.500000
2026-08-31T16:00:00+00:00,4482.600098
2026-08-31T17:00:00+00:00,4485.600098
2026-08-31T18:00:00+00:00,4480.299805
2026-08-31T19:00:00+00:00,4502.000000
2026-08-31T20:00:00+00:00,4497.299805
2026-08-31T22:00:00+00:00,4495.500000
2026-08-31T23:00:00+00:00,4501.000000
2026-09-01T00:00:00+00:00,4502.700195
2026-09-01T01:00:00+00:00,4493.100098
2026-09-01T02:00:00+00:00,4492.399902
2026-09-01T03:00:00+00:00,4487.000000
2026-09-01T04:00:00+00:00,4475.200195
2026-09-01T05:00:00+00:00,4489.000000
2026-09-01T06:00:00+00:00,4478.000000
2026-09-01T07:00:00+00:00,4468.700195
2026-09-01T08:00:00+00:00,4419.399902
2026-09-01T09:00:00+00:00,4413.700195
2026-09-01T10:00:00+00:00,4426.899902
2026-09-01T11:00:00+00:00,4422.899902
2026-09-01T12:00:00+00:00,4404.700195
2026-09-01T13:00:00+00:00,4413.899902
2026-09-01T14:00:00+00:00,4408.799805
2026-09-01T15:00:00+00:00,4421.700195
2026-09-01T16:00:00+00:00,4399.600098
2026-09-01T17:00:00+00:00,4391.100098
2026-09-01T18:00:00+00:00,4379.399902
2026-09-01T19:00:00+00:00,4374.000000
2026-09-01T20:00:00+00:00,4375.700195
2026-09-01T22:00:00+00:00,4375.700195
2026-09-01T23:00:00+00:00,4370.600098
2026-09-02T00:00:00+00:00,4362.500000
2026-09-02T01:00:00+00:00,4338.100098
2026-09-02T02:00:00+00:00,4350.000000
2026-09-02T03:00:00+00:00,4348.799805
2026-09-02T04:00:00+00:00,4353.700195
2026-09-02T05:00:00+00:00,4366.700195
2026-09-02T06:00:00+00:00,4368.299805
2026-09-02T07:00:00+00:00,4369.799805
2026-09-02T08:00:00+00:00,4359.600098
2026-09-02T09:00:00+00:00,4355.899902
2026-09-02T10:00:00+00:00,4356.600098
2026-09-02T11:00:00+00:00,4379.600098
2026-09-02T12:00:00+00:00,4378.299805
2026-09-02T13:00:00+00:00,4433.000000
2026-09-02T14:00:00+00:00,4424.200195
2026-09-02T15:00:00+00:00,4419.899902
2026-09-02T16:00:00+00:00,4415.100098
2026-09-02T17:00:00+00:00,4423.399902
2026-09-02T18:00:00+00:00,4420.299805
2026-09-02T19:00:00+00:00,4437.700195
2026-09-02T20:00:00+00:00,4434.299805
2026-09-02T22:00:00+00:00,4429.799805
2026-09-02T23:00:00+00:00,4431.000000
2026-09-03T00:00:00+00:00,4440.500000
2026-09-03T01:00:00+00:00,4455.000000
2026-09-03T02:00:00+00:00,4466.000000
2026-09-03T03:00:00+00:00,4477.100098
2026-09-03T04:00:00+00:00,4483.000000
2026-09-03T05:00:00+00:00,4477.000000
2026-09-03T06:00:00+00:00,4466.399902
2026-09-03T07:00:00+00:00,4474.700195
2026-09-03T08:00:00+00:00,4481.100098
2026-09-03T09:00:00+00:00,4473.899902
2026-09-03T10:00:00+00:00,4473.200195
2026-09-03T11:00:00+00:00,4490.200195
2026-09-03T12:00:00+00:00,4540.899902
2026-09-03T13:00:00+00:00,4517.100098
2026-09-03T14:00:00+00:00,4531.899902
2026-09-03T15:00:00+00:00,4540.799805
2026-09-03T16:00:00+00:00,4533.700195
2026-09-03T17:00:00+00:00,4535.700195
2026-09-03T18:00:00+00:00,4522.899902
2026-09-03T19:00:00+00:00,4522.899902
2026-09-03T20:00:00+00:00,4520.000000
2026-09-03T21:00:00+00:00,4520.299805
2026-09-03T22:00:00+00:00,4521.600098
2026-09-03T23:00:00+00:00,4526.899902
2026-09-04T00:00:00+00:00,4532.899902
2026-09-04T01:00:00+00:00,4525.200195
2026-09-04T02:00:00+00:00,4523.799805
2026-09-04T03:00:00+00:00,4513.799805
2026-09-04T04:00:00+00:00,4520.399902
2026-09-04T05:00:00+00:00,4518.200195
2026-09-04T06:00:00+00:00,4509.500000
2026-09-04T07:00:00+00:00,4530.299805
2026-09-04T08:00:00+00:00,4524.299805
2026-09-04T09:00:00+00:00,4511.799805
2026-09-04T10:00:00+00:00,4518.899902
2026-09-04T11:00:00+00:00,4513.100098
2026-09-04T12:00:00+00:00,4440.600098
2026-09-04T13:00:00+00:00,4459.899902
2026-09-04T14:00:00+00:00,4474.299805
2026-09-04T15:00:00+00:00,4483.299805
2026-09-04T16:00:00+00:00,4483.600098
2026-09-04T17:00:00+00:00,4464.000000
2026-09-04T18:00:00+00:00,4471.299805
2026-09-04T19:00:00+00:00,4482.000000
2026-09-04T20:00:00+00:00,4476.600098
2026-09-08T04:00:00+00:00,4481.600098
2026-09-08T05:00:00+00:00,4464.399902
2026-09-08T06:00:00+00:00,4448.299805
2026-09-08T07:00:00+00:00,4436.700195
2026-09-08T08:00:00+00:00,4438.500000
2026-09-08T09:00:00+00:00,4447.200195
2026-09-08T10:00:00+00:00,4439.899902
2026-09-08T11:00:00+00:00,4450.899902
2026-09-08T12:00:00+00:00,4456.100098
2026-09-08T13:00:00+00:00,4440.299805
2026-09-08T14:00:00+00:00,4443.399902
2026-09-08T15:00:00+00:00,4439.799805
2026-09-08T16:00:00+00:00,4438.299805
2026-09-08T17:00:00+00:00,4434.299805
2026-09-08T18:00:00+00:00,4420.100098
2026-09-08T19:00:00+00:00,4404.500000
2026-09-08T20:00:00+00:00,4400.000000
2026-09-08T22:00:00+00:00,4397.399902
2026-09-08T23:00:00+00:00,4393.100098
2026-09-09T00:00:00+00:00,4408.799805
2026-09-09T01:00:00+00:00,4417.700195
2026-09-09T02:00:00+00:00,4426.000000
2026-09-09T03:00:00+00:00,4420.399902
2026-09-09T04:00:00+00:00,4425.299805
2026-09-09T05:00:00+00:00,4442.299805
2026-09-09T06:00:00+00:00,4444.700195
2026-09-09T07:00:00+00:00,4452.899902
2026-09-09T08:00:00+00:00,4444.600098
2026-09-09T09:00:00+00:00,4434.600098
2026-09-09T10:00:00+00:00,4442.899902
2026-09-09T11:00:00+00:00,4451.600098
2026-09-09T12:00:00+00:00,4444.399902
2026-09-09T13:00:00+00:00,4459.299805
2026-09-09T14:00:00+00:00,4463.200195
2026-09-09T15:00:00+00:00,4442.700195
2026-09-09T16:00:00+00:00,4454.399902
2026-09-09T17:00:00+00:00,4461.200195
2026-09-09T18:00:00+00:00,4448.200195
2026-09-09T19:00:00+00:00,4444.399902
2026-09-09T20:00:00+00:00,4447.200195
2026-09-09T22:00:00+00:00,4443.899902
2026-09-09T23:00:00+00:00,4437.500000
2026-09-10T00:00:00+00:00,4444.500000
2026-09-10T01:00:00+00:00,4455.200195
2026-09-10T02:00:00+00:00,4462.700195
2026-09-10T03:00:00+00:00,4451.899902
2026-09-10T04:00:00+00:00,4451.399902
2026-09-10T05:00:00+00:00,4475.000000
2026-09-10T06:00:00+00:00,4469.299805
2026-09-10T07:00:00+00:00,4454.899902
2026-09-10T08:00:00+00:00,4437.799805
2026-09-10T09:00:00+00:00,4437.000000
2026-09-10T10:00:00+00:00,4421.399902
2026-09-10T11:00:00+00:00,4416.700195
2026-09-10T12:00:00+00:00,4381.799805
2026-09-10T13:00:00+00:00,4408.500000
2026-09-10T14:00:00+00:00,4400.100098
2026-09-10T15:00:00+00:00,4407.799805
2026-09-10T16:00:00+00:00,4406.399902
2026-09-10T17:00:00+00:00,4394.200195
2026-09-10T18:00:00+00:00,4374.399902
2026-09-10T19:00:00+00:00,4365.700195
2026-09-10T20:00:00+00:00,4358.500000
2026-09-10T22:00:00+00:00,4358.799805
2026-09-10T23:00:00+00:00,4354.500000
2026-09-11T00:00:00+00:00,4372.200195
2026-09-11T01:00:00+00:00,4369.100098
2026-09-11T02:00:00+00:00,4363.200195
2026-09-11T03:00:00+00:00,4345.000000
2026-09-11T04:00:00+00:00,4372.100098
2026-09-11T05:00:00+00:00,4386.600098
2026-09-11T06:00:00+00:00,4394.799805
2026-09-11T07:00:00+00:00,4386.100098
2026-09-11T08:00:00+00:00,4388.700195
2026-09-11T09:00:00+00:00,4388.200195
2026-09-11T10:00:00+00:00,4379.399902
2026-09-11T11:00:00+00:00,4375.000000
2026-09-11T12:00:00+00:00,4430.299805
2026-09-11T13:00:00+00:00,4443.899902
2026-09-11T14:00:00+00:00,4412.500000
2026-09-11T15:00:00+00:00,4408.600098
2026-09-11T16:00:00+00:00,4403.799805
2026-09-11T17:00:00+00:00,4400.600098
2026-09-11T18:00:00+00:00,4389.100098
2026-09-11T19:00:00+00:00,4391.000000
2026-09-11T20:00:00+00:00,4408.899902
2026-09-13T22:00:00+00:00,4378.399902
2026-09-13T23:00:00+00:00,4373.299805
2026-09-14T00:00:00+00:00,4379.600098
2026-09-14T01:00:00+00:00,4394.500000
2026-09-14T02:00:00+00:00,4371.799805
2026-09-14T03:00:00+00:00,4370.600098
2026-09-14T04:00:00+00:00,4369.600098
2026-09-14T05:00:00+00:00,4378.100098
2026-09-14T06:00:00+00:00,4362.500000
2026-09-14T07:00:00+00:00,4350.700195
2026-09-14T08:00:00+00:00,4346.600098
2026-09-14T09:00:00+00:00,4325.200195
2026-09-14T10:00:00+00:00,4334.399902
2026-09-14T11:00:00+00:00,4326.899902
2026-09-14T12:00:00+00:00,4310.799805
2026-09-14T13:00:00+00:00,4312.200195
2026-09-14T14:00:00+00:00,4320.100098
2026-09-14T15:00:00+00:00,4329.100098
2026-09-14T16:00:00+00:00,4356.500000
2026-09-14T17:00:00+00:00,4351.600098
2026-09-14T18:00:00+00:00,4347.799805
2026-09-14T19:00:00+00:00,4324.100098
2026-09-14T20:00:00+00:00,4340.000000
2026-09-14T22:00:00+00:00,4335.899902
2026-09-14T23:00:00+00:00,4329.000000
2026-09-15T00:00:00+00:00,4333.600098
2026-09-15T01:00:00+00:00,4344.100098
2026-09-15T02:00:00+00:00,4354.899902
2026-09-15T03:00:00+00:00,4345.100098
2026-09-15T04:00:00+00:00,4344.799805
2026-09-15T05:00:00+00:00,4331.200195
2026-09-15T06:00:00+00:00,4333.600098
2026-09-15T07:00:00+00:00,4320.700195
2026-09-15T08:00:00+00:00,4302.799805
2026-09-15T09:00:00+00:00,4308.700195
2026-09-15T10:00:00+00:00,4321.799805
2026-09-15T11:00:00+00:00,4324.399902
2026-09-15T12:00:00+00:00,4330.600098
2026-09-15T13:00:00+00:00,4334.600098
2026-09-15T14:00:00+00:00,4316.799805
2026-09-15T15:00:00+00:00,4329.899902
2026-09-15T16:00:00+00:00,4335.600098
2026-09-15T17:00:00+00:00,4335.299805
2026-09-15T18:00:00+00:00,4348.700195
2026-09-15T19:00:00+00:00,4337.299805
2026-09-15T20:00:00+00:00,4333.399902
2026-09-15T22:00:00+00:00,4329.200195
2026-09-15T23:00:00+00:00,4323.299805
2026-09-16T00:00:00+00:00,4317.100098
2026-09-16T01:00:00+00:00,4321.799805
2026-09-16T02:00:00+00:00,4362.100098
2026-09-16T03:00:00+00:00,4367.200195
2026-09-16T04:00:00+00:00,4362.600098
2026-09-16T05:00:00+00:00,4366.899902
2026-09-16T06:00:00+00:00,4373.200195
2026-09-16T07:00:00+00:00,4369.000000
2026-09-16T08:00:00+00:00,4371.100098
2026-09-16T09:00:00+00:00,4379.100098
2026-09-16T10:00:00+00:00,4391.899902
2026-09-16T11:00:00+00:00,4382.799805
2026-09-16T12:00:00+00:00,4388.399902
2026-09-16T13:00:00+00:00,4379.899902
2026-09-16T14:00:00+00:00,4397.299805
2026-09-16T15:00:00+00:00,4394.700195
2026-09-16T16:00:00+00:00,4388.500000
2026-09-16T17:00:00+00:00,4399.000000
2026-09-16T18:00:00+00:00,4301.299805
2026-09-16T19:00:00+00:00,4311.399902
2026-09-16T20:00:00+00:00,4302.500000
2026-09-16T22:00:00+00:00,4304.700195
2026-09-16T23:00:00+00:00,4309.700195
2026-09-17T00:00:00+00:00,4318.500000
2026-09-17T01:00:00+00:00,4337.899902
2026-09-17T02:00:00+00:00,4315.200195
2026-09-17T03:00:00+00:00,4335.399902
2026-09-17T04:00:00+00:00,4336.100098
2026-09-17T05:00:00+00:00,4342.600098
2026-09-17T06:00:00+00:00,4349.500000
2026-09-17T07:00:00+00:00,4366.100098
2026-09-17T08:00:00+00:00,4350.700195
2026-09-17T09:00:00+00:00,4345.100098
2026-09-17T10:00:00+00:00,4363.700195
2026-09-17T11:00:00+00:00,4390.000000
2026-09-17T12:00:00+00:00,4413.799805
2026-09-17T13:00:00+00:00,4407.399902
2026-09-17T14:00:00+00:00,4394.500000
2026-09-17T15:00:00+00:00,4409.799805
2026-09-17T16:00:00+00:00,4401.899902
2026-09-17T17:00:00+00:00,4400.299805
2026-09-17T18:00:00+00:00,4390.899902
2026-09-17T19:00:00+00:00,4385.200195
2026-09-17T20:00:00+00:00,4380.600098
2026-09-17T22:00:00+00:00,4383.000000
2026-09-17T23:00:00+00:00,4385.000000
2026-09-18T00:00:00+00:00,4394.899902
2026-09-18T01:00:00+00:00,4387.000000
2026-09-18T02:00:00+00:00,4385.399902
2026-09-18T03:00:00+00:00,4396.600098
2026-09-18T04:00:00+00:00,4406.399902
2026-09-18T05:00:00+00:00,4416.899902
2026-09-18T06:00:00+00:00,4433.500000
2026-09-18T07:00:00+00:00,4433.299805
2026-09-18T08:00:00+00:00,4432.100098
2026-09-18T09:00:00+00:00,4416.100098
2026-09-18T10:00:00+00:00,4421.299805
2026-09-18T11:00:00+00:00,4420.799805
2026-09-18T12:00:00+00:00,4407.600098
2026-09-18T13:00:00+00:00,4387.600098
2026-09-18T14:00:00+00:00,4391.500000
2026-09-18T15:00:00+00:00,4395.000000
2026-09-18T16:00:00+00:00,4421.100098
2026-09-18T17:00:00+00:00,4431.299805
2026-09-18T18:00:00+00:00,4420.799805
2026-09-18T19:00:00+00:00,4415.600098
2026-09-18T20:00:00+00:00,4424.899902
2026-09-20T22:00:00+00:00,4412.100098
2026-09-20T23:00:00+00:00,4411.600098
2026-09-21T00:00:00+00:00,4404.799805
2026-09-21T01:00:00+00:00,4415.700195
2026-09-21T02:00:00+00:00,4401.500000
2026-09-21T03:00:00+00:00,4395.799805
2026-09-21T04:00:00+00:00,4393.100098
2026-09-21T05:00:00+00:00,4388.000000
2026-09-21T06:00:00+00:00,4390.700195
2026-09-21T07:00:00+00:00,4381.600098
2026-09-21T08:00:00+00:00,4390.700195
2026-09-21T09:00:00+00:00,4383.600098
2026-09-21T10:00:00+00:00,4380.399902
2026-09-21T11:00:00+00:00,4407.299805
2026-09-21T12:00:00+00:00,4397.399902
2026-09-21T13:00:00+00:00,4383.799805
2026-09-21T14:00:00+00:00,4376.899902
2026-09-21T15:00:00+00:00,4386.299805
2026-09-21T16:00:00+00:00,4381.399902
2026-09-21T17:00:00+00:00,4383.000000
2026-09-21T18:00:00+00:00,4384.399902
2026-09-21T19:00:00+00:00,4383.000000
2026-09-21T20:00:00+00:00,4381.000000
2026-09-21T22:00:00+00:00,4398.700195
2026-09-21T23:00:00+00:00,4406.799805
2026-09-22T00:00:00+00:00,4397.700195
2026-09-22T01:00:00+00:00,4385.899902
2026-09-22T02:00:00+00:00,4381.799805
2026-09-22T03:00:00+00:00,4379.100098
2026-09-22T04:00:00+00:00,4379.500000
2026-09-22T05:00:00+00:00,4360.299805
2026-09-22T06:00:00+00:00,4355.000000
2026-09-22T07:00:00+00:00,4337.500000
2026-09-22T08:00:00+00:00,4367.299805
2026-09-22T09:00:00+00:00,4374.100098
2026-09-22T10:00:00+00:00,4359.000000
2026-09-22T11:00:00+00:00,4359.899902
2026-09-22T12:00:00+00:00,4371.500000
2026-09-22T13:00:00+00:00,4371.000000
2026-09-22T14:00:00+00:00,4365.299805
2026-09-22T15:00:00+00:00,4368.700195
2026-09-22T16:00:00+00:00,4374.100098
2026-09-22T17:00:00+00:00,4388.899902
2026-09-22T18:00:00+00:00,4390.899902
2026-09-22T19:00:00+00:00,4401.799805
2026-09-22T20:00:00+00:00,4396.200195
2026-09-22T22:00:00+00:00,4400.600098
2026-09-22T23:00:00+00:00,4402.000000
2026-09-23T00:00:00+00:00,4394.799805
2026-09-23T01:00:00+00:00,4378.299805
2026-09-23T02:00:00+00:00,4370.700195
2026-09-23T03:00:00+00:00,4380.000000
2026-09-23T04:00:00+00:00,4381.000000
2026-09-23T05:00:00+00:00,4372.299805
2026-09-23T06:00:00+00:00,4368.500000
2026-09-23T07:00:00+00:00,4356.200195
2026-09-23T08:00:00+00:00,4355.000000
2026-09-23T09:00:00+00:00,4350.600098
2026-09-23T10:00:00+00:00,4352.500000
2026-09-23T11:00:00+00:00,4346.299805
2026-09-23T12:00:00+00:00,4346.299805
2026-09-23T13:00:00+00:00,4320.399902
2026-09-23T14:00:00+00:00,4330.600098
2026-09-23T15:00:00+00:00,4318.299805
2026-09-23T16:00:00+00:00,4321.100098
2026-09-23T17:00:00+00:00,4329.500000
2026-09-23T18:00:00+00:00,4326.799805
2026-09-23T19:00:00+00:00,4320.600098
2026-09-23T20:00:00+00:00,4322.700195
2026-09-23T21:00:00+00:00,4322.700195
2026-09-23T22:00:00+00:00,4324.200195
2026-09-23T23:00:00+00:00,4323.799805
2026-09-24T00:00:00+00:00,4333.700195
2026-09-24T01:00:00+00:00,4314.799805
2026-09-24T02:00:00+00:00,4325.700195
2026-09-24T03:00:00+00:00,4318.899902
2026-09-24T04:00:00+00:00,4324.299805
2026-09-24T05:00:00+00:00,4313.600098
2026-09-24T06:00:00+00:00,4311.299805
2026-09-24T07:00:00+00:00,4313.299805
2026-09-24T08:00:00+00:00,4295.500000
2026-09-24T09:00:00+00:00,4289.700195
2026-09-24T10:00:00+00:00,4292.500000
2026-09-24T11:00:00+00:00,4300.399902
2026-09-24T12:00:00+00:00,4316.000000
2026-09-24T13:00:00+00:00,4302.500000
2026-09-24T14:00:00+00:00,4288.000000
2026-09-24T15:00:00+00:00,4291.299805
2026-09-24T16:00:00+00:00,4308.700195
2026-09-24T17:00:00+00:00,4300.100098
2026-09-24T18:00:00+00:00,4307.100098
2026-09-24T19:00:00+00:00,4309.399902
2026-09-24T20:00:00+00:00,4310.100098
2026-09-24T22:00:00+00:00,4307.500000
2026-09-24T23:00:00+00:00,4300.100098
2026-09-25T00:00:00+00:00,4313.000000
2026-09-25T01:00:00+00:00,4323.200195
2026-09-25T02:00:00+00:00,4318.899902
2026-09-25T03:00:00+00:00,4305.700195
2026-09-25T04:00:00+00:00,4297.399902
2026-09-25T05:00:00+00:00,4301.299805
2026-09-25T06:00:00+00:00,4311.000000
2026-09-25T07:00:00+00:00,4314.799805
2026-09-25T08:00:00+00:00,4328.899902
2026-09-25T09:00:00+00:00,4330.799805
2026-09-25T10:00:00+00:00,4346.799805
2026-09-25T11:00:00+00:00,4338.600098
2026-09-25T12:00:00+00:00,4333.899902
2026-09-25T13:00:00+00:00,4310.899902
2026-09-25T14:00:00+00:00,4314.100098
2026-09-25T15:00:00+00:00,4326.399902
2026-09-25T16:00:00+00:00,4321.500000
2026-09-25T17:00:00+00:00,4318.100098
2026-09-25T18:00:00+00:00,4329.799805
2026-09-25T19:00:00+00:00,4326.600098
2026-09-25T20:00:00+00:00,4321.200195
2026-09-27T22:00:00+00:00,4294.200195
2026-09-27T23:00:00+00:00,4294.600098
2026-09-28T00:00:00+00:00,4264.600098
2026-09-28T01:00:00+00:00,4249.399902
2026-09-28T02:00:00+00:00,4229.899902
2026-09-28T03:00:00+00:00,4230.500000
2026-09-28T04:00:00+00:00,4227.399902
2026-09-28T05:00:00+00:00,4212.100098
2026-09-28T06:00:00+00:00,4196.700195
2026-09-28T07:00:00+00:00,4187.500000
2026-09-28T08:00:00+00:00,4176.799805
2026-09-28T09:00:00+00:00,4175.100098
