timestamp,open,high,low,close,volume
2026-09-10T00:35:00+00:00,1.2,1.200429,1.198219,1.198616,1039.48
2026-09-10T00:40:00+00:00,1.198616,1.199796,1.197956,1.199577,1291.02
2026-09-10T00:45:00+00:00,1.199577,1.199997,1.199453,1.199839,1196.0
2026-09-10T00:50:00+00:00,1.199839,1.200433,1.199442,1.200298,1161.06
2026-09-10T00:55:00+00:00,1.200298,1.200557,1.199552,1.199808,1048.74
2026-09-10T01:00:00+00:00,1.199808,1.200325,1.198807,1.199135,1688.32
2026-09-10T01:05:00+00:00,1.199135,1.201207,1.198649,1.200927,1119.3
2026-09-10T01:10:00+00:00,1.200927,1.201543,1.198344,1.198651,1366.35
2026-09-10T01:15:00+00:00,1.198651,1.200398,1.197849,1.1997,1172.26
2026-09-10T01:20:00+00:00,1.1997,1.199929,1.199355,1.199426,1302.38
2026-09-10T01:25:00+00:00,1.199426,1.201815,1.19909,1.201417,1397.3
2026-09-10T01:30:00+00:00,1.201417,1.201671,1.199068,1.199407,1589.74
2026-09-10T01:35:00+00:00,1.199407,1.2001,1.199193,1.199557,1234.27
2026-09-10T01:40:00+00:00,1.199557,1.201173,1.199387,1.20084,1211.45
2026-09-10T01:45:00+00:00,1.20084,1.203031,1.20035,1.202646,1266.88
2026-09-10T01:50:00+00:00,1.202646,1.203211,1.201227,1.201579,1341.74
2026-09-10T01:55:00+00:00,1.201579,1.203083,1.200611,1.202772,1075.99
2026-09-10T02:00:00+00:00,1.202772,1.203033,1.201314,1.202105,1414.16
2026-09-10T02:05:00+00:00,1.202105,1.202435,1.201901,1.202276,1010.27
2026-09-10T02:10:00+00:00,1.202276,1.202426,1.201158,1.201359,1099.92
2026-09-10T02:15:00+00:00,1.201359,1.20309,1.201119,1.202836,1457.17
2026-09-10T02:20:00+00:00,1.202836,1.203501,1.202151,1.202379,1000.8
2026-09-10T02:25:00+00:00,1.202379,1.203321,1.202068,1.202743,1288.15
2026-09-10T02:30:00+00:00,1.202743,1.203996,1.202536,1.203472,1472.91
2026-09-10T02:35:00+00:00,1.203472,1.204456,1.202735,1.20391,1227.15
2026-09-10T02:40:00+00:00,1.20391,1.205521,1.203727,1.205151,1431.08
2026-09-10T02:45:00+00:00,1.205151,1.207392,1.204548,1.206763,1190.62
2026-09-10T02:50:00+00:00,1.206763,1.20713,1.205529,1.206044,1265.6
2026-09-10T02:55:00+00:00,1.206044,1.206295,1.204028,1.204343,1037.21
2026-09-10T03:00:00+00:00,1.204343,1.205028,1.204221,1.204814,1598.0
2026-09-10T03:05:00+00:00,1.204814,1.205747,1.204156,1.205486,1102.12
2026-09-10T03:10:00+00:00,1.205486,1.206221,1.204896,1.205084,1394.31
2026-09-10T03:15:00+00:00,1.205084,1.205397,1.204829,1.205114,1242.78
2026-09-10T03:20:00+00:00,1.205114,1.205454,1.203451,1.20381,1346.51
2026-09-10T03:25:00+00:00,1.20381,1.204395,1.202854,1.203223,1158.43
2026-09-10T03:30:00+00:00,1.203223,1.20357,1.202991,1.203397,1214.64
2026-09-10T03:35:00+00:00,1.203397,1.203587,1.202616,1.202749,1137.46
2026-09-10T03:40:00+00:00,1.202749,1.203107,1.20005,1.200462,1034.31
2026-09-10T03:45:00+00:00,1.200462,1.200483,1.200334,1.200395,1495.69
2026-09-10T03:50:00+00:00,1.200395,1.201568,1.199719,1.2013,1373.61
2026-09-10T03:55:00+00:00,1.2013,1.204741,1.200698,1.203731,1067.33
2026-09-10T04:00:00+00:00,1.203731,1.204141,1.20253,1.203059,1163.1
2026-09-10T04:05:00+00:00,1.203059,1.203514,1.20284,1.203339,1370.43
2026-09-10T04:10:00+00:00,1.203339,1.203558,1.202436,1.2029,1128.84
2026-09-10T04:15:00+00:00,1.2029,1.203199,1.200876,1.201304,1661.15
2026-09-10T04:20:00+00:00,1.201304,1.20211,1.200856,1.201609,1041.55
2026-09-10T04:25:00+00:00,1.201609,1.204372,1.201176,1.203962,1140.27
2026-09-10T04:30:00+00:00,1.203962,1.20412,1.202579,1.203481,1367.5
2026-09-10T04:35:00+00:00,1.203481,1.204899,1.202877,1.204563,1270.39
2026-09-10T04:40:00+00:00,1.204563,1.20463,1.204107,1.204257,1281.58
2026-09-10T04:45:00+00:00,1.204257,1.204661,1.20049,1.201107,1042.64
2026-09-10T04:50:00+00:00,1.201107,1.202741,1.200662,1.202536,1461.77
2026-09-10T04:55:00+00:00,1.202536,1.202792,1.202135,1.202432,1000.37
2026-09-10T05:00:00+00:00,1.202432,1.20276,1.201106,1.20177,1072.0
2026-09-10T05:05:00+00:00,1.20177,1.202056,1.199822,1.200375,1164.99
2026-09-10T05:10:00+00:00,1.200375,1.20212,1.200182,1.201536,1038.17
2026-09-10T05:15:00+00:00,1.201536,1.203307,1.200937,1.203068,1327.0
2026-09-10T05:20:00+00:00,1.203068,1.20342,1.201818,1.202386,1138.26
2026-09-10T05:25:00+00:00,1.202386,1.202627,1.201335,1.201924,1750.63
2026-09-10T05:30:00+00:00,1.201924,1.203649,1.201773,1.20321,1440.77
2026-09-10T05:35:00+00:00,1.20321,1.203911,1.203078,1.203607,1012.14
2026-09-10T05:40:00+00:00,1.203607,1.203731,1.202879,1.20325,1448.04
2026-09-10T05:45:00+00:00,1.20325,1.203886,1.201963,1.202168,1103.03
2026-09-10T05:50:00+00:00,1.202168,1.202366,1.200762,1.201187,1320.16
2026-09-10T05:55:00+00:00,1.201187,1.201955,1.200196,1.201638,1484.41
2026-09-10T06:00:00+00:00,1.201638,1.202423,1.201462,1.202045,1150.9
2026-09-10T06:05:00+00:00,1.202045,1.202222,1.201314,1.201547,1245.74
2026-09-10T06:10:00+00:00,1.201547,1.203496,1.201211,1.202817,1152.75
2026-09-10T06:15:00+00:00,1.202817,1.203159,1.202604,1.202924,1198.95
2026-09-10T06:20:00+00:00,1.202924,1.203233,1.202677,1.202753,1158.13
2026-09-10T06:25:00+00:00,1.202753,1.203011,1.202115,1.202482,1179.62
2026-09-10T06:30:00+00:00,1.202482,1.202592,1.202361,1.202473,1039.28
2026-09-10T06:35:00+00:00,1.202473,1.203085,1.202295,1.203006,1021.17
2026-09-10T06:40:00+00:00,1.203006,1.203489,1.201438,1.201989,1007.65
2026-09-10T06:45:00+00:00,1.201989,1.202145,1.20098,1.201441,1293.72
2026-09-10T06:50:00+00:00,1.201441,1.201708,1.200762,1.200909,1061.31
2026-09-10T06:55:00+00:00,1.200909,1.202944,1.200241,1.202721,1146.6
2026-09-10T07:00:00+00:00,1.202721,1.203018,1.202341,1.202922,1741.39
2026-09-10T07:05:00+00:00,1.202922,1.20315,1.201437,1.201604,1655.7
2026-09-10T07:10:00+00:00,1.201604,1.202008,1.200785,1.201005,1569.45
2026-09-10T07:15:00+00:00,1.201005,1.202103,1.200647,1.201657,1506.85
2026-09-10T07:20:00+00:00,1.201657,1.202586,1.201319,1.202345,1106.02
2026-09-10T07:25:00+00:00,1.202345,1.202545,1.201948,1.20233,1161.19
2026-09-10T07:30:00+00:00,1.20233,1.202649,1.200727,1.201299,1474.25
2026-09-10T07:35:00+00:00,1.201299,1.201413,1.200222,1.200338,1451.91
2026-09-10T07:40:00+00:00,1.200338,1.201367,1.199948,1.201019,1216.5
2026-09-10T07:45:00+00:00,1.201019,1.202531,1.200435,1.202217,1252.5
2026-09-10T07:50:00+00:00,1.202217,1.202715,1.201369,1.201785,1340.13
2026-09-10T07:55:00+00:00,1.201785,1.202341,1.201496,1.20198,1170.13
2026-09-10T08:00:00+00:00,1.20198,1.202454,1.201175,1.201515,1134.0
2026-09-10T08:05:00+00:00,1.201515,1.201926,1.200115,1.200708,1004.09
2026-09-10T08:10:00+00:00,1.200708,1.20123,1.19777,1.198385,1008.4
2026-09-10T08:15:00+00:00,1.198385,1.1999,1.198126,1.199544,1233.18
2026-09-10T08:20:00+00:00,1.199544,1.201759,1.199246,1.200891,1047.82
2026-09-10T08:25:00+00:00,1.200891,1.201955,1.200537,1.201757,1071.64
2026-09-10T08:30:00+00:00,1.201757,1.202223,1.199822,1.200315,1535.26
2026-09-10T08:35:00+00:00,1.200315,1.200734,1.198934,1.199309,1283.89
2026-09-10T08:40:00+00:00,1.199309,1.199535,1.198525,1.199022,1560.77
2026-09-10T08:45:00+00:00,1.199022,1.199785,1.198167,1.199415,1876.68
2026-09-10T08:50:00+00:00,1.199415,1.199548,1.199114,1.199413,1367.48
2026-09-10T08:55:00+00:00,1.199413,1.200529,1.199165,1.200061,1124.31
2026-09-10T09:00:00+00:00,1.200061,1.200602,1.19997,1.20017,1426.53
2026-09-10T09:05:00+00:00,1.20017,1.200317,1.199321,1.199455,1333.41
2026-09-10T09:10:00+00:00,1.199455,1.199798,1.197934,1.198266,1066.98
2026-09-10T09:15:00+00:00,1.198266,1.199947,1.19803,1.199648,1065.44
2026-09-10T09:20:00+00:00,1.199648,1.200323,1.199213,1.200234,1350.6
2026-09-10T09:25:00+00:00,1.200234,1.200465,1.198314,1.198881,1355.46
2026-09-10T09:30:00+00:00,1.198881,1.199549,1.198406,1.199026,1278.78
2026-09-10T09:35:00+00:00,1.199026,1.199575,1.196342,1.197261,1211.31
2026-09-10T09:40:00+00:00,1.197261,1.197811,1.197013,1.197606,1094.47
2026-09-10T09:45:00+00:00,1.197606,1.19879,1.197289,1.198165,1001.98
2026-09-10T09:50:00+00:00,1.198165,1.198421,1.197911,1.198176,1098.26
2026-09-10T09:55:00+00:00,1.198176,1.200171,1.197797,1.19957,1004.82
2026-09-10T10:00:00+00:00,1.19957,1.199861,1.197942,1.198296,1135.87
2026-09-10T10:05:00+00:00,1.198296,1.198485,1.19755,1.197855,1026.67
2026-09-10T10:10:00+00:00,1.197855,1.198204,1.197193,1.197576,1472.99
2026-09-10T10:15:00+00:00,1.197576,1.197875,1.197263,1.197559,1366.32
2026-09-10T10:20:00+00:00,1.197559,1.198011,1.196552,1.196685,1048.49
2026-09-10T10:25:00+00:00,1.196685,1.19814,1.196164,1.197842,1018.07
2026-09-10T10:30:00+00:00,1.197842,1.198151,1.197735,1.198,1000.55
2026-09-10T10:35:00+00:00,1.198,1.198752,1.196993,1.197375,1180.35
2026-09-10T10:40:00+00:00,1.197375,1.19784,1.196515,1.196708,1099.98
2026-09-10T10:45:00+00:00,1.196708,1.197379,1.194932,1.195278,1146.53
2026-09-10T10:50:00+00:00,1.195278,1.196596,1.194669,1.196355,1290.08
2026-09-10T10:55:00+00:00,1.196355,1.197386,1.196132,1.19664,1260.6
2026-09-10T11:00:00+00:00,1.19664,1.197436,1.195644,1.195937,1346.92
2026-09-10T11:05:00+00:00,1.195937,1.196293,1.195601,1.196047,1137.72
2026-09-10T11:10:00+00:00,1.196047,1.198527,1.195606,1.197555,1352.67
2026-09-10T11:15:00+00:00,1.197555,1.197613,1.197325,1.197365,1598.99
2026-09-10T11:20:00+00:00,1.197365,1.197874,1.196759,1.196985,1348.39
2026-09-10T11:25:00+00:00,1.196985,1.197176,1.196187,1.196868,1168.73
2026-09-10T11:30:00+00:00,1.196868,1.200025,1.196415,1.19939,1190.05
2026-09-10T11:35:00+00:00,1.19939,1.199734,1.199144,1.199342,1228.34
2026-09-10T11:40:00+00:00,1.199342,1.200595,1.199007,1.200426,1204.34
2026-09-10T11:45:00+00:00,1.200426,1.200661,1.199864,1.199994,1085.83
2026-09-10T11:50:00+00:00,1.199994,1.200204,1.1998,1.200025,1285.33
2026-09-10T11:55:00+00:00,1.200025,1.200904,1.199784,1.200611,1138.89
2026-09-10T12:00:00+00:00,1.200611,1.200951,1.199816,1.200057,1216.92
2026-09-10T12:05:00+00:00,1.200057,1.200868,1.199705,1.200548,1448.31
2026-09-10T12:10:00+00:00,1.200548,1.200854,1.198844,1.199166,1212.25
2026-09-10T12:15:00+00:00,1.199166,1.202301,1.198805,1.201614,1339.61
2026-09-10T12:20:00+00:00,1.201614,1.203315,1.20106,1.20296,1247.52
2026-09-10T12:25:00+00:00,1.20296,1.203288,1.202446,1.202648,1232.58
2026-09-10T12:30:00+00:00,1.202648,1.203764,1.202369,1.203425,1448.48
2026-09-10T12:35:00+00:00,1.203425,1.203767,1.200444,1.200784,1157.5
2026-09-10T12:40:00+00:00,1.200784,1.202351,1.200254,1.201979,1093.51
2026-09-10T12:45:00+00:00,1.201979,1.202408,1.19988,1.20073,1184.17
2026-09-10T12:50:00+00:00,1.20073,1.201444,1.200369,1.201058,1289.3
2026-09-10T12:55:00+00:00,1.201058,1.201479,1.20022,1.20063,1238.83
2026-09-10T13:00:00+00:00,1.20063,1.20075,1.199527,1.200073,1130.0
2026-09-10T13:05:00+00:00,1.200073,1.201169,1.199641,1.200909,1353.01
2026-09-10T13:10:00+00:00,1.200909,1.201455,1.199848,1.200673,1066.05
2026-09-10T13:15:00+00:00,1.200673,1.200963,1.199138,1.19944,1066.32
2026-09-10T13:20:00+00:00,1.19944,1.199895,1.198909,1.199514,1024.24
2026-09-10T13:25:00+00:00,1.199514,1.199976,1.199352,1.199852,1241.24
2026-09-10T13:30:00+00:00,1.199852,1.200792,1.197586,1.198127,1349.02
2026-09-10T13:35:00+00:00,1.198127,1.199884,1.197544,1.199248,1009.83
2026-09-10T13:40:00+00:00,1.199248,1.199276,1.198957,1.199189,1431.85
2026-09-10T13:45:00+00:00,1.199189,1.199304,1.198564,1.19886,1137.25
2026-09-10T13:50:00+00:00,1.19886,1.200096,1.198227,1.199281,1255.19
2026-09-10T13:55:00+00:00,1.199281,1.199796,1.198439,1.19859,1210.11
2026-09-10T14:00:00+00:00,1.19859,1.19881,1.197291,1.197507,1278.85
2026-09-10T14:05:00+00:00,1.197507,1.197561,1.196885,1.197336,1155.54
2026-09-10T14:10:00+00:00,1.197336,1.197794,1.194426,1.194738,1166.27
2026-09-10T14:15:00+00:00,1.194738,1.196844,1.194331,1.196511,1109.05
2026-09-10T14:20:00+00:00,1.196511,1.196691,1.195327,1.195602,1055.54
2026-09-10T14:25:00+00:00,1.195602,1.196275,1.195399,1.196043,1050.37
2026-09-10T14:30:00+00:00,1.196043,1.19788,1.195741,1.197285,1175.26
2026-09-10T14:35:00+00:00,1.197285,1.197404,1.196084,1.196513,1038.52
2026-09-10T14:40:00+00:00,1.196513,1.196917,1.195681,1.195964,1193.65
2026-09-10T14:45:00+00:00,1.195964,1.1977,1.195353,1.197422,1205.38
2026-09-10T14:50:00+00:00,1.197422,1.198152,1.197097,1.197893,1023.24
2026-09-10T14:55:00+00:00,1.197893,1.198169,1.197403,1.198103,1144.87
2026-09-10T15:00:00+00:00,1.198103,1.198355,1.19698,1.197498,1363.43
2026-09-10T15:05:00+00:00,1.197498,1.197711,1.197121,1.197681,1527.07
2026-09-10T15:10:00+00:00,1.197681,1.197892,1.196848,1.197236,1103.52
2026-09-10T15:15:00+00:00,1.197236,1.197828,1.196981,1.197736,1100.52
2026-09-10T15:20:00+00:00,1.197736,1.199471,1.1971,1.198652,1414.37
2026-09-10T15:25:00+00:00,1.198652,1.198842,1.198101,1.198555,1183.24
2026-09-10T15:30:00+00:00,1.198555,1.198878,1.197031,1.197222,1501.45
2026-09-10T15:35:00+00:00,1.197222,1.197469,1.195696,1.195968,1261.23
2026-09-10T15:40:00+00:00,1.195968,1.196326,1.195363,1.195564,1272.41
2026-09-10T15:45:00+00:00,1.195564,1.195819,1.194893,1.195176,1107.12
2026-09-10T15:50:00+00:00,1.195176,1.197759,1.194806,1.19717,1204.49
2026-09-10T15:55:00+00:00,1.19717,1.197962,1.197089,1.197463,1297.1
2026-09-10T16:00:00+00:00,1.197463,1.197942,1.196976,1.197259,1114.03
2026-09-10T16:05:00+00:00,1.197259,1.197718,1.195592,1.196185,1227.38
2026-09-10T16:10:00+00:00,1.196185,1.196852,1.19597,1.19634,1086.62
2026-09-10T16:15:00+00:00,1.19634,1.197902,1.195899,1.19765,1164.67
2026-09-10T16:20:00+00:00,1.19765,1.197854,1.196953,1.197268,1102.91
2026-09-10T16:25:00+00:00,1.197268,1.19927,1.196966,1.198913,1127.42
2026-09-10T16:30:00+00:00,1.198913,1.200075,1.198709,1.199786,1183.03
2026-09-10T16:35:00+00:00,1.199786,1.200363,1.199403,1.19948,1082.91
2026-09-10T16:40:00+00:00,1.19948,1.199641,1.198975,1.19906,1223.06
2026-09-10T16:45:00+00:00,1.19906,1.199299,1.198688,1.198925,1165.08
2026-09-10T16:50:00+00:00,1.198925,1.199771,1.198476,1.199396,1512.49
2026-09-10T16:55:00+00:00,1.199396,1.199726,1.198721,1.19909,1129.43
2026-09-10T17:00:00+00:00,1.19909,1.199481,1.197619,1.19793,1317.4
2026-09-10T17:05:00+00:00,1.19793,1.200428,1.197603,1.199814,1447.22
2026-09-10T17:10:00+00:00,1.199814,1.199987,1.199357,1.199647,1147.31
2026-09-10T17:15:00+00:00,1.199647,1.199807,1.198467,1.198859,1350.41
2026-09-10T17:20:00+00:00,1.198859,1.19917,1.198382,1.198658,1235.87
2026-09-10T17:25:00+00:00,1.198658,1.198793,1.197331,1.197532,1385.07
2026-09-10T17:30:00+00:00,1.197532,1.19805,1.197352,1.197613,1203.13
2026-09-10T17:35:00+00:00,1.197613,1.198926,1.197459,1.198519,1083.76
2026-09-10T17:40:00+00:00,1.198519,1.198679,1.197687,1.198025,1421.57
2026-09-10T17:45:00+00:00,1.198025,1.199916,1.197239,1.199358,1311.78
2026-09-10T17:50:00+00:00,1.199358,1.201555,1.19907,1.200449,1035.98
2026-09-10T17:55:00+00:00,1.200449,1.20088,1.199292,1.1998,1093.18
2026-09-10T18:00:00+00:00,1.1998,1.199924,1.19887,1.199061,1125.28
2026-09-10T18:05:00+00:00,1.199061,1.200093,1.198728,1.199549,1019.95
2026-09-10T18:10:00+00:00,1.199549,1.200021,1.198283,1.198862,1677.69
2026-09-10T18:15:00+00:00,1.198862,1.200884,1.198692,1.20025,1096.76
2026-09-10T18:20:00+00:00,1.20025,1.200517,1.199713,1.200097,1491.13
2026-09-10T18:25:00+00:00,1.200097,1.200222,1.199961,1.200167,1240.22
2026-09-10T18:30:00+00:00,1.200167,1.20064,1.199892,1.200127,1071.96
2026-09-10T18:35:00+00:00,1.200127,1.200425,1.198098,1.198785,1377.98
2026-09-10T18:40:00+00:00,1.198785,1.201013,1.198552,1.200105,1046.5
2026-09-10T18:45:00+00:00,1.200105,1.200917,1.199844,1.200691,1313.78
2026-09-10T18:50:00+00:00,1.200691,1.202557,1.200437,1.202359,1308.75
2026-09-10T18:55:00+00:00,1.202359,1.203919,1.202059,1.20328,1323.76
2026-09-10T19:00:00+00:00,1.20328,1.204653,1.202769,1.204224,1100.78
2026-09-10T19:05:00+00:00,1.204224,1.20456,1.202343,1.202906,1438.95
2026-09-10T19:10:00+00:00,1.202906,1.203059,1.202542,1.203013,1340.48
2026-09-10T19:15:00+00:00,1.203013,1.203299,1.201251,1.201524,1190.64
2026-09-10T19:20:00+00:00,1.201524,1.201932,1.198672,1.199542,1568.18
2026-09-10T19:25:00+00:00,1.199542,1.200249,1.198971,1.199831,1056.78
2026-09-10T19:30:00+00:00,1.199831,1.200407,1.198158,1.198612,1073.88
2026-09-10T19:35:00+00:00,1.198612,1.19907,1.196636,1.197089,1324.69
2026-09-10T19:40:00+00:00,1.197089,1.197195,1.196127,1.196597,1274.08
2026-09-10T19:45:00+00:00,1.196597,1.197341,1.19627,1.197061,1040.91
2026-09-10T19:50:00+00:00,1.197061,1.197553,1.196063,1.196498,1107.0
2026-09-10T19:55:00+00:00,1.196498,1.198467,1.19629,1.19803,1531.54
2026-09-10T20:00:00+00:00,1.19803,1.198445,1.197898,1.198199,1215.78
2026-09-10T20:05:00+00:00,1.198199,1.200257,1.197807,1.199576,1009.9
2026-09-10T20:10:00+00:00,1.199576,1.201561,1.19904,1.200756,1295.98
2026-09-10T20:15:00+00:00,1.200756,1.201201,1.199927,1.200335,1218.02
2026-09-10T20:20:00+00:00,1.200335,1.200477,1.19983,1.200097,1117.08
2026-09-10T20:25:00+00:00,1.200097,1.200246,1.199193,1.199453,1139.58
2026-09-10T20:30:00+00:00,1.199453,1.199851,1.199228,1.199726,1341.66
2026-09-10T20:35:00+00:00,1.199726,1.199903,1.198622,1.198769,1323.49
2026-09-10T20:40:00+00:00,1.198769,1.198863,1.198259,1.198417,1100.78
2026-09-10T20:45:00+00:00,1.198417,1.199074,1.196924,1.19772,1518.88
2026-09-10T20:50:00+00:00,1.19772,1.197984,1.196461,1.196621,1013.39
2026-09-10T20:55:00+00:00,1.196621,1.196856,1.195152,1.195382,1170.46
2026-09-10T21:00:00+00:00,1.195382,1.195919,1.19499,1.195315,1101.86
2026-09-10T21:05:00+00:00,1.195315,1.196064,1.194818,1.195843,1398.38
2026-09-10T21:10:00+00:00,1.195843,1.196284,1.192184,1.193142,1415.84
2026-09-10T21:15:00+00:00,1.193142,1.194049,1.192642,1.193681,1426.42
2026-09-10T21:20:00+00:00,1.193681,1.194406,1.19326,1.194189,1007.95
2026-09-10T21:25:00+00:00,1.194189,1.195251,1.193868,1.194969,1174.57
2026-09-10T21:30:00+00:00,1.194969,1.195305,1.194759,1.194829,1018.21
2026-09-10T21:35:00+00:00,1.194829,1.195183,1.193133,1.193545,1251.79
2026-09-10T21:40:00+00:00,1.193545,1.195151,1.193018,1.194719,1038.61
2026-09-10T21:45:00+00:00,1.194719,1.1964,1.194493,1.195842,1278.22
2026-09-10T21:50:00+00:00,1.195842,1.196113,1.195435,1.195672,1257.29
2026-09-10T21:55:00+00:00,1.195672,1.198041,1.195316,1.197761,1514.62
2026-09-10T22:00:00+00:00,1.197761,1.198054,1.196169,1.196594,1134.52
2026-09-10T22:05:00+00:00,1.196594,1.198005,1.196147,1.197277,1156.3
2026-09-10T22:10:00+00:00,1.197277,1.197381,1.196922,1.197202,1093.8
2026-09-10T22:15:00+00:00,1.197202,1.197425,1.197109,1.197237,1353.47
2026-09-10T22:20:00+00:00,1.197237,1.197548,1.196736,1.196902,1245.25
2026-09-10T22:25:00+00:00,1.196902,1.197635,1.19651,1.197202,1453.95
2026-09-10T22:30:00+00:00,1.197202,1.198139,1.19654,1.197754,1263.51
2026-09-10T22:35:00+00:00,1.197754,1.198385,1.196725,1.197053,1265.79
2026-09-10T22:40:00+00:00,1.197053,1.19894,1.196777,1.198723,1014.05
2026-09-10T22:45:00+00:00,1.198723,1.199199,1.196817,1.197494,1741.71
2026-09-10T22:50:00+00:00,1.197494,1.200176,1.196616,1.19967,1191.25
2026-09-10T22:55:00+00:00,1.19967,1.201042,1.199133,1.200666,1329.13
2026-09-10T23:00:00+00:00,1.200666,1.20118,1.197812,1.198123,1257.98
2026-09-10T23:05:00+00:00,1.198123,1.200481,1.197861,1.200224,1157.61
2026-09-10T23:10:00+00:00,1.200224,1.200516,1.199534,1.199707,1300.74
2026-09-10T23:15:00+00:00,1.199707,1.200605,1.199126,1.200416,1561.67
2026-09-10T23:20:00+00:00,1.200416,1.200921,1.199594,1.199852,1336.09
2026-09-10T23:25:00+00:00,1.199852,1.200488,1.19897,1.19929,1024.41
2026-09-10T23:30:00+00:00,1.19929,1.199669,1.197423,1.198095,1118.6
2026-09-10T23:35:00+00:00,1.198095,1.198228,1.197763,1.197889,1111.44
2026-09-10T23:40:00+00:00,1.197889,1.198495,1.19491,1.195378,1075.1
2026-09-10T23:45:00+00:00,1.195378,1.198935,1.194997,1.198327,1172.73
2026-09-10T23:50:00+00:00,1.198327,1.19885,1.197247,1.1976,1038.1
2026-09-10T23:55:00+00:00,1.1976,1.199519,1.197307,1.199106,1245.85
2026-09-11T00:00:00+00:00,1.199106,1.200809,1.198708,1.200373,1595.2
2026-09-11T00:05:00+00:00,1.200373,1.202415,1.199918,1.201813,1212.14
2026-09-11T00:10:00+00:00,1.201813,1.20217,1.201149,1.201489,1041.11
2026-09-11T00:15:00+00:00,1.201489,1.203276,1.201047,1.202749,1164.79
2026-09-11T00:20:00+00:00,1.202749,1.203625,1.198942,1.199697,1290.0
2026-09-11T00:25:00+00:00,1.199697,1.200187,1.197821,1.198293,1095.86
2026-09-11T00:30:00+00:00,1.198293,1.198593,1.196724,1.196902,1524.83
2026-09-11T00:35:00+00:00,1.196902,1.197265,1.195701,1.196127,1178.5
2026-09-11T00:40:00+00:00,1.196127,1.199493,1.195742,1.199014,1074.94
2026-09-11T00:45:00+00:00,1.199014,1.201269,1.198619,1.200762,1211.91
2026-09-11T00:50:00+00:00,1.200762,1.200979,1.198702,1.199771,1114.83
2026-09-11T00:55:00+00:00,1.199771,1.200054,1.199675,1.199763,1141.64
2026-09-11T01:00:00+00:00,1.199763,1.200634,1.199625,1.200498,1731.87
2026-09-11T01:05:00+00:00,1.200498,1.201162,1.200188,1.200944,1208.96
2026-09-11T01:10:00+00:00,1.200944,1.201126,1.198968,1.199389,1087.37
2026-09-11T01:15:00+00:00,1.199389,1.199745,1.199104,1.199684,1014.0
2026-09-11T01:20:00+00:00,1.199684,1.200324,1.199585,1.200194,1036.82
2026-09-11T01:25:00+00:00,1.200194,1.201412,1.199661,1.200989,1168.64
2026-09-11T01:30:00+00:00,1.200989,1.202126,1.200629,1.201869,1591.99
